{
  "shuffle": true,
  "subset": null,
  "min_freq": 75,
  "lower": true,
  "stem": false,
  "analyzer": "char_wb",
  "ngram_max_range": 8,
  "alpha": 0.0001,
  "learning_rate": 0.11311634470736666,
  "power_t": 0.38842898308274626,
  "num_epochs": 100,
  "threshold": 0.4252367333526389
}
